,track_uri,track_name,duration_ms,explicit,artist_name,popularity,album_name,album_release_date,album_total_tracks,album_track_number,available_markets,preview_url
0,spotify:track:19a3JfW8BQwqHWUMbcqSx8,Famous,196040,True,['Kanye West'],73,The Life Of Pablo,2016-06-10,20,4,"['AD', 'AE', 'AR', 'AT', 'AU', 'BE', 'BG', 'BH', 'BO', 'BR', 'CA', 'CH', 'CL', 'CO', 'CR', 'CY', 'CZ', 'DE', 'DK', 'DO', 'DZ', 'EC', 'EE', 'EG', 'ES', 'FI', 'FR', 'GB', 'GR', 'GT', 'HK', 'HN', 'HU', 'ID', 'IE', 'IL', 'IN', 'IS', 'IT', 'JO', 'JP', 'KW', 'LB', 'LI', 'LT', 'LU', 'LV', 'MA', 'MC', 'MT', 'MX', 'MY', 'NI', 'NL', 'NO', 'NZ', 'OM', 'PA', 'PE', 'PH', 'PL', 'PS', 'PT', 'PY', 'QA', 'RO', 'SA', 'SE', 'SG', 'SK', 'SV', 'TH', 'TN', 'TR', 'TW', 'US', 'UY', 'VN', 'ZA']",https://p.scdn.co/mp3-preview/fb87602292db6f4daac5c9d77f64ae730f843f92?cid=177f383b7c5047d1aaab4bc9a7e22a05
1,spotify:track:7M0fsXo6rpXOKkveYooBob,Goodbye,256786,False,['Apparat'],0,The Devil's Walk,2011,10,4,[],
2,spotify:track:4WIpEgkpmeVPTBAO4pm5zy,Clouds,257306,False,['Milky Chance'],45,Blossom (Deluxe),2017-03-17,20,5,"['AD', 'AE', 'AR', 'AT', 'BE', 'BG', 'BH', 'BO', 'BR', 'CH', 'CL', 'CO', 'CR', 'CY', 'CZ', 'DE', 'DK', 'DO', 'DZ', 'EC', 'EE', 'EG', 'ES', 'FI', 'FR', 'GR', 'GT', 'HK', 'HN', 'HU', 'ID', 'IL', 'IN', 'IS', 'IT', 'JO', 'JP', 'KW', 'LB', 'LI', 'LT', 'LU', 'LV', 'MA', 'MC', 'MT', 'MY', 'NI', 'NL', 'NO', 'OM', 'PA', 'PE', 'PH', 'PL', 'PS', 'PT', 'PY', 'QA', 'RO', 'SA', 'SE', 'SG', 'SK', 'SV', 'TH', 'TN', 'TR', 'TW', 'UY', 'VN', 'ZA']",https://p.scdn.co/mp3-preview/9a254685de22a4116ce88b621cee34fa34ca3943?cid=177f383b7c5047d1aaab4bc9a7e22a05
3,spotify:track:0Hvvs3VDBQzJ6ksSLA7l4G,Demanding Excellence,210837,False,['Labrinth'],46,Euphoria (Original Score from the HBO Series),2019-10-04,26,21,"['AD', 'AE', 'AR', 'AT', 'AU', 'BE', 'BG', 'BH', 'BO', 'BR', 'CA', 'CH', 'CL', 'CO', 'CR', 'CY', 'CZ', 'DE', 'DK', 'DO', 'DZ', 'EC', 'EE', 'EG', 'ES', 'FI', 'FR', 'GB', 'GR', 'GT', 'HK', 'HN', 'HU', 'ID', 'IE', 'IL', 'IN', 'IS', 'IT', 'JO', 'JP', 'KW', 'LB', 'LI', 'LT', 'LU', 'LV', 'MA', 'MC', 'MT', 'MX', 'MY', 'NI', 'NL', 'NO', 'NZ', 'OM', 'PA', 'PE', 'PH', 'PL', 'PS', 'PT', 'PY', 'QA', 'RO', 'SA', 'SE', 'SG', 'SK', 'SV', 'TH', 'TN', 'TR', 'TW', 'US', 'UY', 'VN', 'ZA']",https://p.scdn.co/mp3-preview/06802dd73cf9575e571bf974904ed3b6e8c7c5fd?cid=177f383b7c5047d1aaab4bc9a7e22a05
4,spotify:track:2fZW7ByWe46rGih0FtP2XK,Nothing Left (feat. Will Heard),236682,False,"['Kygo', 'Will Heard']",51,Cloud Nine,2016-05-13,15,12,"['AD', 'AE', 'AR', 'AT', 'AU', 'BE', 'BG', 'BH', 'BO', 'BR', 'CA', 'CH', 'CL', 'CO', 'CR', 'CY', 'CZ', 'DE', 'DK', 'DO', 'DZ', 'EC', 'EE', 'EG', 'ES', 'FI', 'FR', 'GB', 'GR', 'GT', 'HK', 'HN', 'HU', 'ID', 'IE', 'IL', 'IN', 'IS', 'IT', 'JO', 'KW', 'LB', 'LI', 'LT', 'LU', 'LV', 'MA', 'MC', 'MT', 'MX', 'MY', 'NI', 'NL', 'NO', 'NZ', 'OM', 'PA', 'PE', 'PH', 'PL', 'PS', 'PT', 'PY', 'QA', 'RO', 'SA', 'SE', 'SG', 'SK', 'SV', 'TH', 'TN', 'TR', 'TW', 'US', 'UY', 'VN', 'ZA']",https://p.scdn.co/mp3-preview/b8ab3ba12d30be95dacc171d7c4cde03405015d2?cid=177f383b7c5047d1aaab4bc9a7e22a05
5,spotify:track:7zcmIz44ipSUMprZKvEeRO,Free My Mind,160645,False,"['Alok', 'Rooftime', 'Dubdogz']",63,Free My Mind,2020-02-21,1,1,['BR'],https://p.scdn.co/mp3-preview/dd806df98099bb43d115a8f8899ada714a9de953?cid=177f383b7c5047d1aaab4bc9a7e22a05
6,spotify:track:695kvY0b7RypIKs9uiRKp5,"Toast to Our Differences (feat. Shungudzo, Protoje & Hak Baker)",254773,False,"['Rudimental', 'Shungudzo', 'Protoje', 'Hak Baker']",40,Toast to Our Differences (Deluxe Edition),2019-01-25,16,1,"['AD', 'AE', 'AR', 'AT', 'AU', 'BE', 'BG', 'BH', 'BO', 'BR', 'CH', 'CL', 'CO', 'CR', 'CY', 'CZ', 'DE', 'DK', 'DO', 'DZ', 'EC', 'EE', 'EG', 'ES', 'FI', 'FR', 'GB', 'GR', 'GT', 'HK', 'HN', 'HU', 'ID', 'IE', 'IL', 'IN', 'IS', 'IT', 'JO', 'JP', 'KW', 'LB', 'LI', 'LT', 'LU', 'LV', 'MA', 'MC', 'MT', 'MX', 'MY', 'NI', 'NL', 'NO', 'NZ', 'OM', 'PA', 'PE', 'PH', 'PL', 'PS', 'PT', 'PY', 'QA', 'RO', 'SA', 'SE', 'SG', 'SK', 'SV', 'TH', 'TN', 'TR', 'TW', 'UY', 'VN', 'ZA']",https://p.scdn.co/mp3-preview/da8f7a6baf19e35507d06252b5886f798e91cfdc?cid=177f383b7c5047d1aaab4bc9a7e22a05
7,spotify:track:0elXIl26ZrovBULLTrEGK6,Habits of My Heart - EP Version,210639,False,['Jaymes Young'],63,Habits of My Heart,2014-09-28,5,1,"['AD', 'AE', 'AR', 'AT', 'AU', 'BE', 'BG', 'BH', 'BO', 'BR', 'CA', 'CH', 'CL', 'CO', 'CR', 'CY', 'CZ', 'DE', 'DK', 'DO', 'DZ', 'EC', 'EE', 'EG', 'ES', 'FI', 'FR', 'GB', 'GR', 'GT', 'HK', 'HN', 'HU', 'ID', 'IE', 'IL', 'IN', 'IS', 'IT', 'JO', 'JP', 'KW', 'LB', 'LI', 'LT', 'LU', 'LV', 'MA', 'MC', 'MT', 'MX', 'MY', 'NI', 'NL', 'NO', 'NZ', 'OM', 'PA', 'PE', 'PH', 'PL', 'PT', 'PY', 'QA', 'RO', 'SA', 'SE', 'SG', 'SK', 'SV', 'TH', 'TN', 'TR', 'TW', 'US', 'UY', 'VN', 'ZA']",https://p.scdn.co/mp3-preview/d2d47cf2b3629088891328c0bdeac57c5de30407?cid=177f383b7c5047d1aaab4bc9a7e22a05
8,spotify:track:4f8Mh5wuWHOsfXtzjrJB3t,I THINK,212013,True,"['Tyler, The Creator']",71,IGOR,2019-05-17,12,3,"['AD', 'AE', 'AR', 'AT', 'AU', 'BE', 'BG', 'BH', 'BO', 'BR', 'CA', 'CH', 'CL', 'CO', 'CR', 'CY', 'CZ', 'DE', 'DK', 'DO', 'DZ', 'EC', 'EE', 'EG', 'ES', 'FI', 'FR', 'GB', 'GR', 'GT', 'HK', 'HN', 'HU', 'ID', 'IE', 'IL', 'IN', 'IS', 'IT', 'JO', 'JP', 'KW', 'LB', 'LI', 'LT', 'LU', 'LV', 'MA', 'MC', 'MT', 'MX', 'MY', 'NI', 'NL', 'NO', 'NZ', 'OM', 'PA', 'PE', 'PH', 'PL', 'PS', 'PT', 'PY', 'QA', 'RO', 'SA', 'SE', 'SG', 'SK', 'SV', 'TH', 'TN', 'TR', 'TW', 'US', 'UY', 'VN', 'ZA']",https://p.scdn.co/mp3-preview/02728662c29717a7607f50a038dcf43fecbaa891?cid=177f383b7c5047d1aaab4bc9a7e22a05
9,spotify:track:42KxOIhF6TIiQWb7hbA8I8,Body Talk (Mamooth),207103,False,"['Moguai', 'Dimitri Vegas & Like Mike', 'Julian Perretta']",34,Body Talk (Mammoth),2014-07-17,2,1,['BR'],https://p.scdn.co/mp3-preview/c4109085cb7efcc464ca3323f313b260a587ec2e?cid=177f383b7c5047d1aaab4bc9a7e22a05
10,spotify:track:2qG5sZ7Si6sdK74qLxedYM,Con Altura,161626,False,"['ROSALÍA', 'J Balvin', 'El Guincho']",75,Con Altura,2019-03-28,1,1,"['AD', 'AE', 'AR', 'AT', 'AU', 'BE', 'BG', 'BH', 'BO', 'BR', 'CA', 'CH', 'CL', 'CO', 'CR', 'CY', 'CZ', 'DE', 'DK', 'DO', 'DZ', 'EC', 'EE', 'EG', 'ES', 'FI', 'FR', 'GB', 'GR', 'GT', 'HK', 'HN', 'HU', 'ID', 'IE', 'IL', 'IN', 'IS', 'IT', 'JO', 'JP', 'KW', 'LB', 'LI', 'LT', 'LU', 'LV', 'MA', 'MC', 'MT', 'MX', 'MY', 'NI', 'NL', 'NO', 'NZ', 'OM', 'PA', 'PE', 'PH', 'PL', 'PS', 'PT', 'PY', 'QA', 'RO', 'SA', 'SE', 'SG', 'SK', 'SV', 'TH', 'TN', 'TR', 'TW', 'US', 'UY', 'VN', 'ZA']",https://p.scdn.co/mp3-preview/db95e1fba1c9df7e2f6966ba91347df3c36a9630?cid=177f383b7c5047d1aaab4bc9a7e22a05
11,spotify:track:20ZP3Om9DvDazXrNUC7WM2,"These Days (feat. Jess Glynne, Macklemore & Dan Caplen)",211760,False,"['Rudimental', 'Jess Glynne', 'Macklemore', 'Dan Caplen']",69,Toast to Our Differences (Deluxe Edition),2019-01-25,16,6,"['AD', 'AE', 'AR', 'AT', 'AU', 'BE', 'BG', 'BH', 'BO', 'BR', 'CH', 'CL', 'CO', 'CR', 'CY', 'CZ', 'DE', 'DK', 'DO', 'DZ', 'EC', 'EE', 'EG', 'ES', 'FI', 'FR', 'GB', 'GR', 'GT', 'HK', 'HN', 'HU', 'ID', 'IE', 'IL', 'IN', 'IS', 'IT', 'JO', 'JP', 'KW', 'LB', 'LI', 'LT', 'LU', 'LV', 'MA', 'MC', 'MT', 'MX', 'MY', 'NI', 'NL', 'NO', 'NZ', 'OM', 'PA', 'PE', 'PH', 'PL', 'PS', 'PT', 'PY', 'QA', 'RO', 'SA', 'SE', 'SG', 'SK', 'SV', 'TH', 'TN', 'TR', 'TW', 'UY', 'VN', 'ZA']",https://p.scdn.co/mp3-preview/0dcf3a99c9f1821a3f4ae0bf6abaac181f469efe?cid=177f383b7c5047d1aaab4bc9a7e22a05
12,spotify:track:7Feaw9WAEREY0DUOSXJLOM,Summer Days (feat. Macklemore & Patrick Stump of Fall Out Boy),163804,True,"['Martin Garrix', 'Macklemore', 'Fall Out Boy']",76,Summer Days (feat. Macklemore & Patrick Stump of Fall Out Boy),2019-04-25,1,1,"['AD', 'AE', 'AR', 'AT', 'AU', 'BE', 'BG', 'BH', 'BO', 'BR', 'CA', 'CH', 'CL', 'CO', 'CR', 'CY', 'CZ', 'DE', 'DK', 'DO', 'DZ', 'EC', 'EE', 'EG', 'ES', 'FI', 'FR', 'GB', 'GR', 'GT', 'HK', 'HN', 'HU', 'ID', 'IE', 'IL', 'IN', 'IS', 'IT', 'JO', 'JP', 'KW', 'LB', 'LI', 'LT', 'LU', 'LV', 'MA', 'MC', 'MT', 'MX', 'MY', 'NI', 'NL', 'NO', 'NZ', 'OM', 'PA', 'PE', 'PH', 'PL', 'PS', 'PT', 'PY', 'QA', 'RO', 'SA', 'SE', 'SG', 'SK', 'SV', 'TH', 'TN', 'TR', 'TW', 'US', 'UY', 'VN', 'ZA']",https://p.scdn.co/mp3-preview/2c529a40d846a04151fed237da99736e1a372e1c?cid=177f383b7c5047d1aaab4bc9a7e22a05
13,spotify:track:2XIc1pqjXV3Cr2BQUGNBck,LA NOCHE DE ANOCHE,203200,False,"['Bad Bunny', 'ROSALÍA']",85,EL ÚLTIMO TOUR DEL MUNDO,2020-11-27,16,5,"['AD', 'AE', 'AR', 'AT', 'AU', 'BE', 'BG', 'BH', 'BO', 'BR', 'CA', 'CH', 'CL', 'CO', 'CR', 'CY', 'CZ', 'DE', 'DK', 'DO', 'DZ', 'EC', 'EE', 'EG', 'ES', 'FI', 'FR', 'GB', 'GR', 'GT', 'HK', 'HN', 'HU', 'ID', 'IE', 'IL', 'IN', 'IS', 'IT', 'JO', 'JP', 'KW', 'LB', 'LI', 'LT', 'LU', 'LV', 'MA', 'MC', 'MT', 'MX', 'MY', 'NI', 'NL', 'NO', 'NZ', 'OM', 'PA', 'PE', 'PH', 'PL', 'PS', 'PT', 'PY', 'QA', 'RO', 'SA', 'SE', 'SG', 'SK', 'SV', 'TH', 'TN', 'TR', 'TW', 'US', 'UY', 'VN', 'ZA']",https://p.scdn.co/mp3-preview/a98b639351290bdb69b865ad10c2e0f5dbe0c4cd?cid=177f383b7c5047d1aaab4bc9a7e22a05
14,spotify:track:6kPJZM97LwdG9QIsT7khp6,Solo (feat. Demi Lovato),222653,False,"['Clean Bandit', 'Demi Lovato']",73,Solo (feat. Demi Lovato),2018-05-17,1,1,"['AD', 'AE', 'AR', 'AT', 'AU', 'BE', 'BG', 'BH', 'BO', 'BR', 'CA', 'CH', 'CL', 'CO', 'CR', 'CY', 'CZ', 'DE', 'DK', 'DO', 'DZ', 'EC', 'EE', 'EG', 'ES', 'FI', 'FR', 'GB', 'GR', 'GT', 'HK', 'HN', 'HU', 'ID', 'IE', 'IL', 'IN', 'IS', 'IT', 'JO', 'JP', 'KW', 'LB', 'LI', 'LT', 'LU', 'LV', 'MA', 'MC', 'MT', 'MX', 'MY', 'NI', 'NL', 'NO', 'NZ', 'OM', 'PA', 'PE', 'PH', 'PL', 'PS', 'PT', 'PY', 'QA', 'RO', 'SA', 'SE', 'SG', 'SK', 'SV', 'TH', 'TN', 'TR', 'TW', 'US', 'UY', 'VN', 'ZA']",https://p.scdn.co/mp3-preview/ccfd1b80223079c120eeec6e83c7771eb74ca27d?cid=177f383b7c5047d1aaab4bc9a7e22a05
15,spotify:track:2bbfiUnH4CATlekDS1dxNr,I Will Find,224733,False,"['Vintage Culture', 'Rooftime']",68,I Will Find,2018-09-28,1,1,"['AD', 'AE', 'AR', 'AT', 'AU', 'BE', 'BG', 'BH', 'BO', 'BR', 'CA', 'CH', 'CL', 'CO', 'CR', 'CY', 'CZ', 'DE', 'DK', 'DO', 'DZ', 'EC', 'EE', 'EG', 'ES', 'FI', 'FR', 'GB', 'GR', 'GT', 'HK', 'HN', 'HU', 'ID', 'IE', 'IL', 'IN', 'IS', 'IT', 'JO', 'JP', 'KW', 'LB', 'LI', 'LT', 'LU', 'LV', 'MA', 'MC', 'MT', 'MX', 'MY', 'NI', 'NL', 'NO', 'NZ', 'OM', 'PA', 'PE', 'PH', 'PL', 'PS', 'PT', 'PY', 'QA', 'RO', 'SA', 'SE', 'SG', 'SK', 'SV', 'TH', 'TN', 'TR', 'TW', 'US', 'UY', 'VN', 'ZA']",https://p.scdn.co/mp3-preview/d02998733d7fe3c9e1d8943e4843a7e77eed911d?cid=177f383b7c5047d1aaab4bc9a7e22a05
16,spotify:track:2gZUPNdnz5Y45eiGxpHGSc,POWER,292093,True,['Kanye West'],78,My Beautiful Dark Twisted Fantasy,2010-11-22,13,3,"['AD', 'AE', 'AR', 'AT', 'AU', 'BE', 'BG', 'BH', 'BO', 'BR', 'CA', 'CH', 'CL', 'CO', 'CR', 'CY', 'CZ', 'DE', 'DK', 'DO', 'DZ', 'EC', 'EE', 'EG', 'ES', 'FI', 'FR', 'GB', 'GR', 'GT', 'HK', 'HN', 'HU', 'ID', 'IE', 'IL', 'IN', 'IS', 'IT', 'JO', 'JP', 'KW', 'LB', 'LI', 'LT', 'LU', 'LV', 'MA', 'MC', 'MT', 'MX', 'MY', 'NI', 'NL', 'NO', 'NZ', 'OM', 'PA', 'PE', 'PH', 'PL', 'PS', 'PT', 'PY', 'QA', 'RO', 'SA', 'SE', 'SG', 'SK', 'SV', 'TH', 'TN', 'TR', 'TW', 'US', 'UY', 'VN', 'ZA']",https://p.scdn.co/mp3-preview/9ad1166e2cdd2dc3bc4ff1b9abb4d33bc84af89f?cid=177f383b7c5047d1aaab4bc9a7e22a05
17,spotify:track:0uyhkR7ihEbNf12EhtHOhl,Here with You - Deluxe Intro,143805,False,"['Lost Frequencies', 'Netsky']",13,Here With You (Remixes),2017-09-29,6,1,"['AR', 'BO', 'BR', 'CL', 'CO', 'CR', 'EC', 'GT', 'HN', 'MX', 'NI', 'PA', 'PE', 'PY', 'SV', 'UY']",https://p.scdn.co/mp3-preview/2e27549a97f231c4799bc0367fe60ef346aacec0?cid=177f383b7c5047d1aaab4bc9a7e22a05
18,spotify:track:6Diq6oBnDVzsrNcRllXRbM,Maldita de Ex,164257,True,['Mc Leozin'],61,Maldita de Ex,2019-06-27,1,1,"['AD', 'AE', 'AR', 'AT', 'AU', 'BE', 'BG', 'BH', 'BO', 'BR', 'CA', 'CH', 'CL', 'CO', 'CR', 'CY', 'CZ', 'DE', 'DK', 'DO', 'DZ', 'EC', 'EE', 'EG', 'ES', 'FI', 'FR', 'GB', 'GR', 'GT', 'HK', 'HN', 'HU', 'ID', 'IE', 'IL', 'IN', 'IS', 'IT', 'JO', 'JP', 'KW', 'LB', 'LI', 'LT', 'LU', 'LV', 'MA', 'MC', 'MT', 'MX', 'MY', 'NI', 'NL', 'NO', 'NZ', 'OM', 'PA', 'PE', 'PH', 'PL', 'PS', 'PT', 'PY', 'QA', 'RO', 'SA', 'SE', 'SG', 'SK', 'SV', 'TH', 'TN', 'TR', 'TW', 'US', 'UY', 'VN', 'ZA']",https://p.scdn.co/mp3-preview/dc5ffca3a26364d3df47aa5a0a18ddaa78a92885?cid=177f383b7c5047d1aaab4bc9a7e22a05
19,spotify:track:74tLlkN3rgVzRqQJgPfink,Money Trees,386906,True,"['Kendrick Lamar', 'Jay Rock']",70,"good kid, m.A.A.d city",2012,14,5,"['AD', 'AE', 'AR', 'AT', 'AU', 'BE', 'BG', 'BH', 'BO', 'BR', 'CH', 'CL', 'CO', 'CR', 'CY', 'CZ', 'DE', 'DK', 'DO', 'DZ', 'EC', 'EE', 'EG', 'ES', 'FI', 'FR', 'GB', 'GR', 'GT', 'HK', 'HN', 'HU', 'ID', 'IE', 'IL', 'IN', 'IS', 'IT', 'JO', 'JP', 'KW', 'LB', 'LI', 'LT', 'LU', 'LV', 'MA', 'MC', 'MT', 'MX', 'MY', 'NI', 'NL', 'NO', 'NZ', 'OM', 'PA', 'PE', 'PH', 'PL', 'PT', 'PY', 'QA', 'RO', 'SA', 'SE', 'SG', 'SK', 'SV', 'TH', 'TN', 'TR', 'TW', 'UY', 'VN', 'ZA']",https://p.scdn.co/mp3-preview/6a11053cd32e91cbec5d500453e601d7886f3565?cid=177f383b7c5047d1aaab4bc9a7e22a05
20,spotify:track:1PS1QMdUqOal0ai3Gt7sDQ,Gold Digger,207626,True,"['Kanye West', 'Jamie Foxx']",78,Late Registration,2005-08-30,21,4,"['AD', 'AE', 'AR', 'AT', 'AU', 'BE', 'BG', 'BH', 'BO', 'BR', 'CA', 'CH', 'CL', 'CO', 'CR', 'CY', 'CZ', 'DE', 'DK', 'DO', 'DZ', 'EC', 'EE', 'EG', 'ES', 'FI', 'FR', 'GB', 'GR', 'GT', 'HK', 'HN', 'HU', 'ID', 'IE', 'IL', 'IN', 'IS', 'IT', 'JO', 'JP', 'KW', 'LB', 'LI', 'LT', 'LU', 'LV', 'MA', 'MC', 'MT', 'MX', 'MY', 'NI', 'NL', 'NO', 'NZ', 'OM', 'PA', 'PE', 'PH', 'PL', 'PS', 'PT', 'PY', 'QA', 'RO', 'SA', 'SE', 'SG', 'SK', 'SV', 'TH', 'TN', 'TR', 'TW', 'US', 'UY', 'VN', 'ZA']",https://p.scdn.co/mp3-preview/3693b9bd32b63f5c3987ee7ed9863c5144c26719?cid=177f383b7c5047d1aaab4bc9a7e22a05
21,spotify:track:0wXuerDYiBnERgIpbb3JBR,Redbone,326933,True,['Childish Gambino'],82,"""Awaken, My Love!""",2016-12-02,11,6,"['AD', 'AE', 'AR', 'AT', 'AU', 'BE', 'BG', 'BH', 'BO', 'BR', 'CA', 'CH', 'CL', 'CO', 'CR', 'CY', 'CZ', 'DE', 'DK', 'DO', 'DZ', 'EC', 'EE', 'EG', 'ES', 'FI', 'FR', 'GB', 'GR', 'GT', 'HK', 'HN', 'HU', 'ID', 'IE', 'IL', 'IN', 'IS', 'IT', 'JO', 'JP', 'KW', 'LB', 'LI', 'LT', 'LU', 'LV', 'MA', 'MC', 'MT', 'MX', 'MY', 'NI', 'NL', 'NO', 'NZ', 'OM', 'PA', 'PE', 'PH', 'PL', 'PS', 'PT', 'PY', 'QA', 'RO', 'SA', 'SE', 'SG', 'SK', 'SV', 'TH', 'TN', 'TR', 'TW', 'US', 'UY', 'VN', 'ZA']",https://p.scdn.co/mp3-preview/0167089f98ed9b52156232cc17294c7676a88dd4?cid=177f383b7c5047d1aaab4bc9a7e22a05
22,spotify:track:6722sffG6lcJXkZOzwd1Ue,Let Me Live (feat. Anne-Marie & Mr Eazi),205760,False,"['Rudimental', 'Major Lazer', 'Anne-Marie', 'Mr Eazi']",48,Toast to Our Differences (Deluxe Edition),2019-01-25,16,2,"['AD', 'AE', 'AR', 'AT', 'AU', 'BE', 'BG', 'BH', 'BO', 'BR', 'CH', 'CL', 'CO', 'CR', 'CY', 'CZ', 'DE', 'DK', 'DO', 'DZ', 'EC', 'EE', 'EG', 'ES', 'FI', 'FR', 'GB', 'GR', 'GT', 'HK', 'HN', 'HU', 'ID', 'IE', 'IL', 'IN', 'IS', 'IT', 'JO', 'JP', 'KW', 'LB', 'LI', 'LT', 'LU', 'LV', 'MA', 'MC', 'MT', 'MX', 'MY', 'NI', 'NL', 'NO', 'NZ', 'OM', 'PA', 'PE', 'PH', 'PL', 'PS', 'PT', 'PY', 'QA', 'RO', 'SA', 'SE', 'SG', 'SK', 'SV', 'TH', 'TN', 'TR', 'TW', 'UY', 'VN', 'ZA']",https://p.scdn.co/mp3-preview/78477b5e289e8d9bd5d3a47bb8aaef0273a5af71?cid=177f383b7c5047d1aaab4bc9a7e22a05
23,spotify:track:3jlbL2OTD5YmIunYzgQTAN,Live Your Life,338853,True,"['T.I.', 'Rihanna']",76,Paper Trail,2008-09-07,16,5,"['AD', 'AE', 'AR', 'AT', 'AU', 'BE', 'BG', 'BH', 'BO', 'BR', 'CA', 'CH', 'CL', 'CO', 'CR', 'CY', 'CZ', 'DE', 'DK', 'DO', 'DZ', 'EC', 'EE', 'EG', 'ES', 'FI', 'FR', 'GB', 'GR', 'GT', 'HK', 'HN', 'HU', 'ID', 'IE', 'IL', 'IN', 'IS', 'IT', 'JO', 'JP', 'KW', 'LB', 'LI', 'LT', 'LU', 'LV', 'MA', 'MC', 'MT', 'MX', 'MY', 'NI', 'NL', 'NO', 'NZ', 'OM', 'PA', 'PE', 'PH', 'PL', 'PS', 'PT', 'PY', 'QA', 'RO', 'SA', 'SE', 'SG', 'SK', 'SV', 'TH', 'TN', 'TR', 'TW', 'US', 'UY', 'VN', 'ZA']",https://p.scdn.co/mp3-preview/58db452df6a351cc652e065ac8c6c0febef793cb?cid=177f383b7c5047d1aaab4bc9a7e22a05
24,spotify:track:1Bx0zEdVjkFlV27iKaePug,Man Down,267000,True,['Rihanna'],69,Loud,2010-11-16,12,7,"['AD', 'AE', 'AR', 'AT', 'AU', 'BE', 'BG', 'BH', 'BO', 'BR', 'CH', 'CL', 'CO', 'CR', 'CY', 'CZ', 'DE', 'DK', 'DO', 'DZ', 'EC', 'EE', 'EG', 'ES', 'FI', 'FR', 'GB', 'GR', 'GT', 'HK', 'HN', 'HU', 'ID', 'IL', 'IN', 'IS', 'IT', 'JO', 'JP', 'KW', 'LB', 'LI', 'LT', 'LU', 'LV', 'MA', 'MC', 'MT', 'MY', 'NI', 'NL', 'NO', 'NZ', 'OM', 'PA', 'PE', 'PH', 'PL', 'PS', 'PT', 'PY', 'QA', 'RO', 'SA', 'SE', 'SG', 'SK', 'SV', 'TH', 'TN', 'TR', 'TW', 'UY', 'VN', 'ZA']",https://p.scdn.co/mp3-preview/cc00654d260909edd3a5c77ec3dac42d236277f3?cid=177f383b7c5047d1aaab4bc9a7e22a05
25,spotify:track:0U6bQIAh6MCGo1xjbIIx2S,Instagram,184558,True,"['Dimitri Vegas & Like Mike', 'David Guetta', 'Daddy Yankee', 'Afro Bros', 'Natti Natasha', 'Dimitri Vegas', 'Like Mike']",69,Instagram,2019-07-05,1,1,"['AD', 'AE', 'AR', 'AT', 'AU', 'BE', 'BG', 'BH', 'BO', 'BR', 'CA', 'CH', 'CL', 'CO', 'CR', 'CY', 'CZ', 'DE', 'DK', 'DO', 'DZ', 'EC', 'EE', 'EG', 'ES', 'FI', 'FR', 'GB', 'GR', 'GT', 'HK', 'HN', 'HU', 'ID', 'IE', 'IL', 'IN', 'IS', 'IT', 'JO', 'JP', 'KW', 'LB', 'LI', 'LT', 'LU', 'LV', 'MA', 'MC', 'MT', 'MX', 'MY', 'NI', 'NL', 'NO', 'NZ', 'OM', 'PA', 'PE', 'PH', 'PL', 'PS', 'PT', 'PY', 'QA', 'RO', 'SA', 'SE', 'SG', 'SK', 'SV', 'TH', 'TN', 'TR', 'TW', 'US', 'UY', 'VN', 'ZA']",https://p.scdn.co/mp3-preview/3ab276e3f7066d652e7d631afc55e054de42ad1b?cid=177f383b7c5047d1aaab4bc9a7e22a05
26,spotify:track:76m2MiAKQvoHsgvwRDPXx5,Bem Melhor - KVSH Remix,183431,False,"['Lagum', 'KVSH']",54,Bem Melhor (KVSH Remix),2018-10-12,1,1,"['AD', 'AE', 'AR', 'AT', 'AU', 'BE', 'BG', 'BH', 'BO', 'BR', 'CA', 'CH', 'CL', 'CO', 'CR', 'CY', 'CZ', 'DE', 'DK', 'DO', 'DZ', 'EC', 'EE', 'EG', 'ES', 'FI', 'FR', 'GB', 'GR', 'GT', 'HK', 'HN', 'HU', 'ID', 'IE', 'IL', 'IN', 'IS', 'IT', 'JO', 'JP', 'KW', 'LB', 'LI', 'LT', 'LU', 'LV', 'MA', 'MC', 'MT', 'MX', 'MY', 'NI', 'NL', 'NO', 'NZ', 'OM', 'PA', 'PE', 'PH', 'PL', 'PS', 'PT', 'PY', 'QA', 'RO', 'SA', 'SE', 'SG', 'SK', 'SV', 'TH', 'TN', 'TR', 'TW', 'US', 'UY', 'VN', 'ZA']",https://p.scdn.co/mp3-preview/bf029695c6b3073c4966c6638ed1341920a0d2b6?cid=177f383b7c5047d1aaab4bc9a7e22a05
27,spotify:track:4ywzpncx1NBWVt47L4VxLj,Here with You - Mastrovita X Mordkey Remix,195000,False,"['Lost Frequencies', 'Netsky', 'Mastrovita', 'Mordkey']",16,Here With You (Remixes),2017-09-29,6,4,"['AR', 'BO', 'BR', 'CL', 'CO', 'CR', 'EC', 'GT', 'HN', 'MX', 'NI', 'PA', 'PE', 'PY', 'SV', 'UY']",https://p.scdn.co/mp3-preview/58dfd7f43d9b8dc544d55549d61d05e4fc99692a?cid=177f383b7c5047d1aaab4bc9a7e22a05
28,spotify:track:6potEImiklXkwD9qFzpu15,Forever,202536,False,['Labrinth'],76,Euphoria (Original Score from the HBO Series),2019-10-04,26,4,"['AD', 'AE', 'AR', 'AT', 'AU', 'BE', 'BG', 'BH', 'BO', 'BR', 'CA', 'CH', 'CL', 'CO', 'CR', 'CY', 'CZ', 'DE', 'DK', 'DO', 'DZ', 'EC', 'EE', 'EG', 'ES', 'FI', 'FR', 'GB', 'GR', 'GT', 'HK', 'HN', 'HU', 'ID', 'IE', 'IL', 'IN', 'IS', 'IT', 'JO', 'JP', 'KW', 'LB', 'LI', 'LT', 'LU', 'LV', 'MA', 'MC', 'MT', 'MX', 'MY', 'NI', 'NL', 'NO', 'NZ', 'OM', 'PA', 'PE', 'PH', 'PL', 'PS', 'PT', 'PY', 'QA', 'RO', 'SA', 'SE', 'SG', 'SK', 'SV', 'TH', 'TN', 'TR', 'TW', 'US', 'UY', 'VN', 'ZA']",https://p.scdn.co/mp3-preview/ffc496e3aae2aa7590c04119ec05f6b532564e9b?cid=177f383b7c5047d1aaab4bc9a7e22a05
29,spotify:track:7nDFTHHwfe32a8qdp9XqPy,False Confidence,223400,True,['Noah Kahan'],69,Busyhead,2019-06-14,10,1,"['AD', 'AE', 'AR', 'AT', 'AU', 'BE', 'BG', 'BH', 'BO', 'BR', 'CA', 'CH', 'CL', 'CO', 'CR', 'CY', 'CZ', 'DE', 'DK', 'DO', 'DZ', 'EC', 'EE', 'EG', 'ES', 'FI', 'FR', 'GB', 'GR', 'GT', 'HK', 'HN', 'HU', 'ID', 'IE', 'IL', 'IN', 'IS', 'IT', 'JO', 'JP', 'KW', 'LB', 'LI', 'LT', 'LU', 'LV', 'MA', 'MC', 'MT', 'MX', 'MY', 'NI', 'NL', 'NO', 'NZ', 'OM', 'PA', 'PE', 'PH', 'PL', 'PS', 'PT', 'PY', 'QA', 'RO', 'SA', 'SE', 'SG', 'SK', 'SV', 'TH', 'TN', 'TR', 'TW', 'US', 'UY', 'VN', 'ZA']",https://p.scdn.co/mp3-preview/5bdbd5e9e2f9c1814b9b44d90a65610b94d87610?cid=177f383b7c5047d1aaab4bc9a7e22a05
30,spotify:track:7IfOWyh4jTfkcGVrXKVNq0,Aloha,218480,False,"['Møme', 'Merryn Jeann']",65,Panorama,2016-11-25,13,8,"['AD', 'AE', 'AR', 'AT', 'AU', 'BE', 'BG', 'BH', 'BO', 'BR', 'CA', 'CH', 'CL', 'CO', 'CR', 'CY', 'CZ', 'DE', 'DK', 'DO', 'DZ', 'EC', 'EE', 'EG', 'ES', 'FI', 'FR', 'GB', 'GR', 'GT', 'HK', 'HN', 'HU', 'ID', 'IE', 'IL', 'IN', 'IS', 'IT', 'JO', 'JP', 'KW', 'LB', 'LI', 'LT', 'LU', 'LV', 'MA', 'MC', 'MT', 'MX', 'MY', 'NI', 'NL', 'NO', 'NZ', 'OM', 'PA', 'PE', 'PH', 'PL', 'PS', 'PT', 'PY', 'QA', 'RO', 'SA', 'SE', 'SG', 'SK', 'SV', 'TH', 'TN', 'TR', 'TW', 'US', 'UY', 'VN', 'ZA']",https://p.scdn.co/mp3-preview/82bb5ebfecb27bcba63596073e7b7f2e385c6fbe?cid=177f383b7c5047d1aaab4bc9a7e22a05
31,spotify:track:7BlBVFwvbWvcwNcUarQmjk,"Yo x Ti, Tu x Mi",201040,False,"['ROSALÍA', 'Ozuna']",74,"Yo x Ti, Tu x Mi",2019-08-15,1,1,"['AD', 'AE', 'AR', 'AT', 'AU', 'BE', 'BG', 'BH', 'BO', 'BR', 'CA', 'CH', 'CL', 'CO', 'CR', 'CY', 'CZ', 'DE', 'DK', 'DO', 'DZ', 'EC', 'EE', 'EG', 'ES', 'FI', 'FR', 'GB', 'GR', 'GT', 'HK', 'HN', 'HU', 'ID', 'IE', 'IL', 'IN', 'IS', 'IT', 'JO', 'JP', 'KW', 'LB', 'LI', 'LT', 'LU', 'LV', 'MA', 'MC', 'MT', 'MX', 'MY', 'NI', 'NL', 'NO', 'NZ', 'OM', 'PA', 'PE', 'PH', 'PL', 'PS', 'PT', 'PY', 'QA', 'RO', 'SA', 'SE', 'SG', 'SK', 'SV', 'TH', 'TN', 'TR', 'TW', 'US', 'UY', 'VN', 'ZA']",https://p.scdn.co/mp3-preview/f8d270e551ebd663edbb22a6f2fb58a3f5d73edd?cid=177f383b7c5047d1aaab4bc9a7e22a05
32,spotify:track:0AqMAXSzkIRMV0alAddJK8,Slow Down,211064,False,"['Maverick Sabre', 'Jorja Smith']",45,Slow Down,2019-02-07,1,1,"['AD', 'AE', 'AR', 'AT', 'AU', 'BE', 'BG', 'BH', 'BO', 'BR', 'CA', 'CH', 'CL', 'CO', 'CR', 'CY', 'CZ', 'DE', 'DK', 'DO', 'DZ', 'EC', 'EE', 'EG', 'ES', 'FI', 'FR', 'GB', 'GR', 'GT', 'HK', 'HN', 'HU', 'ID', 'IE', 'IL', 'IN', 'IS', 'IT', 'JO', 'JP', 'KW', 'LB', 'LI', 'LT', 'LU', 'LV', 'MA', 'MC', 'MT', 'MX', 'MY', 'NI', 'NL', 'NO', 'NZ', 'OM', 'PA', 'PE', 'PH', 'PL', 'PS', 'PT', 'PY', 'QA', 'RO', 'SA', 'SE', 'SG', 'SK', 'SV', 'TH', 'TN', 'TR', 'TW', 'US', 'UY', 'VN', 'ZA']",https://p.scdn.co/mp3-preview/821d99223761ce7dec35efb1a746214882fe8b91?cid=177f383b7c5047d1aaab4bc9a7e22a05
33,spotify:track:5dKesZwp6deuhEeW8F1UEi,Hit Contagiante,137125,False,"['Felipe Original', 'MC Kevin o Chris', 'Sodré', 'JS o Mão de Ouro']",60,Hit Contagiante,2019-07-26,1,1,"['AD', 'AE', 'AR', 'AT', 'AU', 'BE', 'BG', 'BH', 'BO', 'BR', 'CA', 'CH', 'CL', 'CO', 'CR', 'CY', 'CZ', 'DE', 'DK', 'DO', 'DZ', 'EC', 'EE', 'EG', 'ES', 'FI', 'FR', 'GB', 'GR', 'GT', 'HK', 'HN', 'HU', 'ID', 'IE', 'IL', 'IN', 'IS', 'IT', 'JO', 'JP', 'KW', 'LB', 'LI', 'LT', 'LU', 'LV', 'MA', 'MC', 'MT', 'MX', 'MY', 'NI', 'NL', 'NO', 'NZ', 'OM', 'PA', 'PE', 'PH', 'PL', 'PS', 'PT', 'PY', 'QA', 'RO', 'SA', 'SE', 'SG', 'SK', 'SV', 'TH', 'TN', 'TR', 'TW', 'US', 'UY', 'VN', 'ZA']",https://p.scdn.co/mp3-preview/7dfc99927a8129ec628b4ea414c1a48dcd161c91?cid=177f383b7c5047d1aaab4bc9a7e22a05
34,spotify:track:6zWIAnsWUkqLHh98QCvaY6,Miracles (feat. Bjørnskov) - Charlie Who Remix,247980,False,"['Martin Jensen', 'Bjørnskov', 'Charlie Who?']",30,Miracles (feat. Bjørnskov) [Charlie Who Remix],2016-03-04,1,1,"['AD', 'AE', 'AR', 'AT', 'AU', 'BE', 'BG', 'BH', 'BO', 'BR', 'CA', 'CH', 'CL', 'CO', 'CR', 'CY', 'CZ', 'DE', 'DK', 'DO', 'DZ', 'EC', 'EE', 'EG', 'ES', 'FI', 'FR', 'GB', 'GR', 'GT', 'HK', 'HN', 'HU', 'ID', 'IE', 'IL', 'IN', 'IS', 'IT', 'JO', 'JP', 'KW', 'LB', 'LI', 'LT', 'LU', 'LV', 'MA', 'MC', 'MT', 'MX', 'MY', 'NI', 'NL', 'NO', 'NZ', 'OM', 'PA', 'PE', 'PH', 'PL', 'PS', 'PT', 'PY', 'QA', 'RO', 'SA', 'SE', 'SG', 'SK', 'SV', 'TH', 'TN', 'TR', 'TW', 'US', 'UY', 'VN', 'ZA']",https://p.scdn.co/mp3-preview/c91635774eead52f9f9736ecd0c86dcfb05d9aeb?cid=177f383b7c5047d1aaab4bc9a7e22a05
35,spotify:track:3fLqmaO4vvZpFZSZy52VMp,Deixa (feat. Ana Gabriela),176025,False,"['Lagum', 'Ana Gabriela']",69,Deixa (feat. Ana Gabriela),2018-02-23,1,1,"['AD', 'AE', 'AR', 'AT', 'AU', 'BE', 'BG', 'BH', 'BO', 'BR', 'CA', 'CH', 'CL', 'CO', 'CR', 'CY', 'CZ', 'DE', 'DK', 'DO', 'DZ', 'EC', 'EE', 'EG', 'ES', 'FI', 'FR', 'GB', 'GR', 'GT', 'HK', 'HN', 'HU', 'ID', 'IE', 'IL', 'IN', 'IS', 'IT', 'JO', 'JP', 'KW', 'LB', 'LI', 'LT', 'LU', 'LV', 'MA', 'MC', 'MT', 'MX', 'MY', 'NI', 'NL', 'NO', 'NZ', 'OM', 'PA', 'PE', 'PH', 'PL', 'PS', 'PT', 'PY', 'QA', 'RO', 'SA', 'SE', 'SG', 'SK', 'SV', 'TH', 'TN', 'TR', 'TW', 'US', 'UY', 'VN', 'ZA']",https://p.scdn.co/mp3-preview/9abad982e572c4bc71e72abb28812f262d3c37dd?cid=177f383b7c5047d1aaab4bc9a7e22a05
36,spotify:track:0dcuGoAIPAT7OrP5CGSVBA,Leftovers,192628,False,['Dennis Lloyd'],62,Leftovers,2017-01-15,1,1,"['AD', 'AE', 'AR', 'AT', 'AU', 'BE', 'BG', 'BH', 'BO', 'BR', 'CA', 'CH', 'CL', 'CO', 'CR', 'CY', 'CZ', 'DE', 'DK', 'DO', 'DZ', 'EC', 'EE', 'EG', 'ES', 'FI', 'FR', 'GB', 'GR', 'GT', 'HK', 'HN', 'HU', 'ID', 'IE', 'IL', 'IN', 'IS', 'IT', 'JO', 'JP', 'KW', 'LB', 'LI', 'LT', 'LU', 'LV', 'MA', 'MC', 'MT', 'MX', 'MY', 'NI', 'NL', 'NO', 'NZ', 'OM', 'PA', 'PE', 'PH', 'PL', 'PS', 'PT', 'PY', 'QA', 'RO', 'SA', 'SE', 'SG', 'SK', 'SV', 'TH', 'TN', 'TR', 'TW', 'US', 'UY', 'VN', 'ZA']",https://p.scdn.co/mp3-preview/0c874f77641fd1fefd59f529a850c26532c1a390?cid=177f383b7c5047d1aaab4bc9a7e22a05
37,spotify:track:7lPN2DXiMsVn7XUKtOW1CS,drivers license,242013,True,['Olivia Rodrigo'],51,drivers license,2021-01-08,1,1,[],
38,spotify:track:4ZHqll0Bhc1nr3hB4Eg7rg,Wobble,186263,False,['Flo Rida'],48,My House,2015-04-07,7,4,"['AD', 'AE', 'AR', 'AT', 'AU', 'BE', 'BG', 'BH', 'BO', 'BR', 'CA', 'CH', 'CL', 'CO', 'CR', 'CY', 'CZ', 'DE', 'DK', 'DO', 'DZ', 'EC', 'EE', 'EG', 'ES', 'FI', 'FR', 'GR', 'GT', 'HK', 'HN', 'HU', 'ID', 'IL', 'IN', 'IS', 'IT', 'JO', 'JP', 'KW', 'LB', 'LI', 'LT', 'LU', 'LV', 'MA', 'MC', 'MT', 'MX', 'MY', 'NI', 'NL', 'NO', 'NZ', 'OM', 'PA', 'PE', 'PH', 'PL', 'PS', 'PT', 'PY', 'QA', 'RO', 'SA', 'SE', 'SG', 'SK', 'SV', 'TH', 'TN', 'TR', 'TW', 'US', 'UY', 'VN', 'ZA']",https://p.scdn.co/mp3-preview/1ea1967a2d786d3dde42a271ccddeb57080f478e?cid=177f383b7c5047d1aaab4bc9a7e22a05
39,spotify:track:2SFfTNh0UIhNQQDoUBEi3S,Detesto Despedidas,174720,False,['Lagum'],41,Detesto Despedidas,2019-03-29,1,1,"['AD', 'AE', 'AR', 'AT', 'AU', 'BE', 'BG', 'BH', 'BO', 'BR', 'CA', 'CH', 'CL', 'CO', 'CR', 'CY', 'CZ', 'DE', 'DK', 'DO', 'DZ', 'EC', 'EE', 'EG', 'ES', 'FI', 'FR', 'GB', 'GR', 'GT', 'HK', 'HN', 'HU', 'ID', 'IE', 'IL', 'IN', 'IS', 'IT', 'JO', 'JP', 'KW', 'LB', 'LI', 'LT', 'LU', 'LV', 'MA', 'MC', 'MT', 'MX', 'MY', 'NI', 'NL', 'NO', 'NZ', 'OM', 'PA', 'PE', 'PH', 'PL', 'PS', 'PT', 'PY', 'QA', 'RO', 'SA', 'SE', 'SG', 'SK', 'SV', 'TH', 'TN', 'TR', 'TW', 'US', 'UY', 'VN', 'ZA']",https://p.scdn.co/mp3-preview/b0b6b7dab67ce59111fdb65bdfa1f0053f984ed3?cid=177f383b7c5047d1aaab4bc9a7e22a05
40,spotify:track:0AtP8EkGPn6SwxKDaUuXec,Remember The Name (feat. Eminem & 50 Cent),207760,True,"['Ed Sheeran', 'Eminem', '50 Cent']",68,No.6 Collaborations Project,2019-07-12,15,8,"['AD', 'AE', 'AR', 'AT', 'AU', 'BE', 'BG', 'BH', 'BO', 'BR', 'CA', 'CH', 'CL', 'CO', 'CR', 'CY', 'CZ', 'DE', 'DK', 'DO', 'DZ', 'EC', 'EE', 'EG', 'ES', 'FI', 'FR', 'GB', 'GR', 'GT', 'HK', 'HN', 'HU', 'ID', 'IE', 'IL', 'IN', 'IS', 'IT', 'JO', 'JP', 'KW', 'LB', 'LI', 'LT', 'LU', 'LV', 'MA', 'MC', 'MT', 'MX', 'MY', 'NI', 'NL', 'NO', 'NZ', 'OM', 'PA', 'PE', 'PH', 'PL', 'PS', 'PT', 'PY', 'QA', 'RO', 'SA', 'SE', 'SG', 'SK', 'SV', 'TH', 'TN', 'TR', 'TW', 'US', 'UY', 'VN', 'ZA']",https://p.scdn.co/mp3-preview/57cad0fb748f48b312e9a1642983903f0189f95c?cid=177f383b7c5047d1aaab4bc9a7e22a05
41,spotify:track:2ksOAxtIxY8yElEWw8RhgK,China,301714,False,"['Anuel AA', 'Daddy Yankee', 'KAROL G', 'J Balvin', 'Ozuna']",77,China,2019-07-19,1,1,"['AD', 'AE', 'AR', 'AT', 'AU', 'BE', 'BG', 'BH', 'BO', 'BR', 'CA', 'CH', 'CL', 'CO', 'CR', 'CY', 'CZ', 'DE', 'DK', 'DO', 'DZ', 'EC', 'EE', 'EG', 'ES', 'FI', 'FR', 'GB', 'GR', 'GT', 'HK', 'HN', 'HU', 'ID', 'IE', 'IL', 'IN', 'IS', 'IT', 'JO', 'JP', 'KW', 'LB', 'LI', 'LT', 'LU', 'LV', 'MA', 'MC', 'MT', 'MX', 'MY', 'NI', 'NL', 'NO', 'NZ', 'OM', 'PA', 'PE', 'PH', 'PL', 'PS', 'PT', 'PY', 'QA', 'RO', 'SA', 'SE', 'SG', 'SK', 'SV', 'TH', 'TN', 'TR', 'TW', 'US', 'UY', 'VN', 'ZA']",https://p.scdn.co/mp3-preview/a2486b829160d65e2bf30038bb3a5f76df3393b1?cid=177f383b7c5047d1aaab4bc9a7e22a05
42,spotify:track:51RN0kzWd7xeR4th5HsEtW,IGOR'S THEME,200693,False,"['Tyler, The Creator']",66,IGOR,2019-05-17,12,1,"['AD', 'AE', 'AR', 'AT', 'AU', 'BE', 'BG', 'BH', 'BO', 'BR', 'CA', 'CH', 'CL', 'CO', 'CR', 'CY', 'CZ', 'DE', 'DK', 'DO', 'DZ', 'EC', 'EE', 'EG', 'ES', 'FI', 'FR', 'GB', 'GR', 'GT', 'HK', 'HN', 'HU', 'ID', 'IE', 'IL', 'IN', 'IS', 'IT', 'JO', 'JP', 'KW', 'LB', 'LI', 'LT', 'LU', 'LV', 'MA', 'MC', 'MT', 'MX', 'MY', 'NI', 'NL', 'NO', 'NZ', 'OM', 'PA', 'PE', 'PH', 'PL', 'PS', 'PT', 'PY', 'QA', 'RO', 'SA', 'SE', 'SG', 'SK', 'SV', 'TH', 'TN', 'TR', 'TW', 'US', 'UY', 'VN', 'ZA']",https://p.scdn.co/mp3-preview/1de2c6a55e578f83db57d2cc4394170929a9f9ab?cid=177f383b7c5047d1aaab4bc9a7e22a05
43,spotify:track:25ZEYUgCJyf3gRxkqYbkIc,Leave The World Behind - Radio Edit,161718,False,"['Axwell', 'Sebastian Ingrosso', 'Steve Angello', 'Laidback Luke', 'Deborah Cox']",60,Leave The World Behind,2009-05-04,2,1,"['AD', 'AE', 'AR', 'AT', 'AU', 'BE', 'BG', 'BH', 'BO', 'BR', 'CA', 'CH', 'CL', 'CO', 'CR', 'CY', 'CZ', 'DE', 'DK', 'DO', 'DZ', 'EC', 'EE', 'EG', 'ES', 'FI', 'FR', 'GB', 'GR', 'GT', 'HK', 'HN', 'HU', 'ID', 'IE', 'IL', 'IN', 'IS', 'IT', 'JO', 'JP', 'KW', 'LB', 'LI', 'LT', 'LU', 'LV', 'MA', 'MC', 'MT', 'MX', 'MY', 'NI', 'NL', 'NO', 'NZ', 'OM', 'PA', 'PE', 'PH', 'PL', 'PS', 'PT', 'PY', 'QA', 'RO', 'SA', 'SE', 'SG', 'SK', 'SV', 'TH', 'TN', 'TR', 'TW', 'US', 'UY', 'VN', 'ZA']",https://p.scdn.co/mp3-preview/dd6929f8970b621e736cf50f66276517bd07e1bb?cid=177f383b7c5047d1aaab4bc9a7e22a05
44,spotify:track:6MdqqkQ8sSC0WB4i8PyRuQ,No Diggity,304600,False,"['Blackstreet', 'Dr. Dre', 'Queen Pen']",76,Another Level,1996-09-09,19,3,"['AD', 'AE', 'AR', 'AT', 'AU', 'BE', 'BG', 'BH', 'BO', 'BR', 'CA', 'CH', 'CL', 'CO', 'CR', 'CY', 'CZ', 'DE', 'DK', 'DO', 'DZ', 'EC', 'EE', 'EG', 'ES', 'FI', 'FR', 'GB', 'GR', 'GT', 'HK', 'HN', 'HU', 'ID', 'IE', 'IL', 'IN', 'IS', 'IT', 'JO', 'JP', 'KW', 'LB', 'LI', 'LT', 'LV', 'MA', 'MC', 'MT', 'MX', 'MY', 'NI', 'NL', 'NO', 'NZ', 'OM', 'PA', 'PE', 'PH', 'PL', 'PS', 'PT', 'PY', 'QA', 'RO', 'SA', 'SE', 'SG', 'SK', 'SV', 'TH', 'TN', 'TR', 'TW', 'US', 'UY', 'VN', 'ZA']",https://p.scdn.co/mp3-preview/c216640c68846d6587123371495115e119b53f0d?cid=177f383b7c5047d1aaab4bc9a7e22a05
45,spotify:track:5CLGzJsGqhCEECcpnFQA8x,"These Days (feat. Jess Glynne, Macklemore & Dan Caplen)",210772,False,"['Rudimental', 'Jess Glynne', 'Macklemore', 'Dan Caplen']",74,"These Days (feat. Jess Glynne, Macklemore & Dan Caplen)",2018-01-19,1,1,"['AD', 'AE', 'AR', 'AT', 'AU', 'BE', 'BG', 'BH', 'BO', 'BR', 'CA', 'CH', 'CL', 'CO', 'CR', 'CY', 'CZ', 'DE', 'DK', 'DO', 'DZ', 'EC', 'EE', 'EG', 'ES', 'FI', 'FR', 'GB', 'GR', 'GT', 'HK', 'HN', 'HU', 'ID', 'IE', 'IL', 'IN', 'IS', 'IT', 'JO', 'JP', 'KW', 'LB', 'LI', 'LT', 'LU', 'LV', 'MA', 'MC', 'MT', 'MX', 'MY', 'NI', 'NL', 'NO', 'NZ', 'OM', 'PA', 'PE', 'PH', 'PL', 'PS', 'PT', 'PY', 'QA', 'RO', 'SA', 'SE', 'SG', 'SK', 'SV', 'TH', 'TN', 'TR', 'TW', 'US', 'UY', 'VN', 'ZA']",https://p.scdn.co/mp3-preview/57f9b45cd318070b04945fc6c8a7e50eaa7f8971?cid=177f383b7c5047d1aaab4bc9a7e22a05
46,spotify:track:2cytBOLpwFRX7J9URCrFIe,Options,240081,True,"['NSG', 'Tion Wayne']",61,Options,2018-11-30,1,1,"['AD', 'AE', 'AR', 'AT', 'AU', 'BE', 'BG', 'BH', 'BO', 'BR', 'CA', 'CH', 'CL', 'CO', 'CR', 'CY', 'CZ', 'DE', 'DK', 'DO', 'DZ', 'EC', 'EE', 'EG', 'ES', 'FI', 'FR', 'GB', 'GR', 'GT', 'HK', 'HN', 'HU', 'ID', 'IE', 'IL', 'IN', 'IS', 'IT', 'JO', 'JP', 'KW', 'LB', 'LI', 'LT', 'LU', 'LV', 'MA', 'MC', 'MT', 'MX', 'MY', 'NI', 'NL', 'NO', 'NZ', 'OM', 'PA', 'PE', 'PH', 'PL', 'PS', 'PT', 'PY', 'QA', 'RO', 'SA', 'SE', 'SG', 'SK', 'SV', 'TH', 'TN', 'TR', 'TW', 'US', 'UY', 'VN', 'ZA']",https://p.scdn.co/mp3-preview/f20004a49a52baf62e8877674c94ff4d1fc1bfd3?cid=177f383b7c5047d1aaab4bc9a7e22a05
47,spotify:track:37eGbhE1xVFSvcKkqGb6i1,Contra La Pared,224680,False,"['Sean Paul', 'J Balvin']",69,Contra La Pared,2019-03-14,2,1,"['AD', 'AE', 'AR', 'AT', 'AU', 'BE', 'BG', 'BH', 'BO', 'BR', 'CA', 'CH', 'CL', 'CO', 'CR', 'CY', 'CZ', 'DE', 'DK', 'DO', 'DZ', 'EC', 'EE', 'EG', 'ES', 'FI', 'FR', 'GB', 'GR', 'GT', 'HK', 'HN', 'HU', 'ID', 'IE', 'IL', 'IN', 'IS', 'IT', 'JO', 'JP', 'KW', 'LB', 'LI', 'LT', 'LU', 'LV', 'MA', 'MC', 'MT', 'MX', 'MY', 'NI', 'NL', 'NO', 'NZ', 'OM', 'PA', 'PE', 'PH', 'PL', 'PS', 'PT', 'PY', 'QA', 'RO', 'SA', 'SE', 'SG', 'SK', 'SV', 'TH', 'TN', 'TR', 'TW', 'US', 'UY', 'VN', 'ZA']",https://p.scdn.co/mp3-preview/87a3179f1467bc1f932c4298a95d5b42995f828d?cid=177f383b7c5047d1aaab4bc9a7e22a05
48,spotify:track:43zdsphuZLzwA9k4DJhU0I,when the party's over,196077,False,['Billie Eilish'],82,"WHEN WE ALL FALL ASLEEP, WHERE DO WE GO?",2019-03-29,14,7,"['AD', 'AE', 'AR', 'AT', 'AU', 'BE', 'BG', 'BH', 'BO', 'BR', 'CA', 'CH', 'CL', 'CO', 'CR', 'CY', 'CZ', 'DE', 'DK', 'DO', 'DZ', 'EC', 'EE', 'EG', 'ES', 'FI', 'FR', 'GB', 'GR', 'GT', 'HK', 'HN', 'HU', 'ID', 'IE', 'IL', 'IN', 'IS', 'IT', 'JO', 'JP', 'KW', 'LB', 'LI', 'LT', 'LU', 'LV', 'MA', 'MC', 'MT', 'MX', 'MY', 'NI', 'NL', 'NO', 'NZ', 'OM', 'PA', 'PE', 'PH', 'PL', 'PS', 'PT', 'PY', 'QA', 'RO', 'SA', 'SE', 'SG', 'SK', 'SV', 'TH', 'TN', 'TR', 'TW', 'US', 'UY', 'VN', 'ZA']",https://p.scdn.co/mp3-preview/3ecac85b0a9e25bfb3ff85ab96c9d09ab164cb7b?cid=177f383b7c5047d1aaab4bc9a7e22a05
49,spotify:track:73JHauWZNH0eIl77GHT1zn,Million Voices - Radio Edit,194958,False,['Otto Knows'],39,Ibiza Dance Classics,2020-06-12,23,23,"['AE', 'AR', 'AT', 'AU', 'BE', 'BG', 'BH', 'BO', 'BR', 'CA', 'CH', 'CL', 'CO', 'CR', 'CY', 'CZ', 'DE', 'DK', 'DO', 'DZ', 'EC', 'EE', 'EG', 'ES', 'FI', 'FR', 'GB', 'GR', 'GT', 'HK', 'HN', 'HU', 'ID', 'IE', 'IL', 'IN', 'IS', 'IT', 'JP', 'KW', 'LB', 'LT', 'LU', 'LV', 'MA', 'MT', 'MX', 'MY', 'NI', 'NL', 'NO', 'NZ', 'OM', 'PA', 'PE', 'PH', 'PL', 'PT', 'PY', 'QA', 'RO', 'SA', 'SE', 'SG', 'SK', 'SV', 'TH', 'TR', 'TW', 'US', 'UY', 'VN', 'ZA']",https://p.scdn.co/mp3-preview/b51fcaac0ab677453bb938470fc74f7ddfa087fc?cid=177f383b7c5047d1aaab4bc9a7e22a05
